Name,Bat,Bowl,Role,Archetype
Rohit Sharma,93,48,Batter,Aggressor
Virat Kohli,95,50,Batter,Anchor
Ryan ten Doeschate,86,81,All-Rounder_Pace,Standard
Zahir Khan,32,81,Bowler_Spin_Leg,Standard
William O' Rourke,33,81,Bowler_Pace,Standard
Will Somerville,37,80,Bowler_Spin_Off,Standard
Wiaan Mulder,75,78,All-Rounder_Pace,Standard
Wes Agar,44,80,Bowler_Pace,Standard
Wayne Madsen,79,45,Batter,Anchor
Waqas Maqsood,41,80,Bowler_Pace,Standard
Vijay Shankar,79,67,All-Rounder_Pace,Standard
Usman Shinwari,30,81,Bowler_Pace,Aggressor
Usman Salahuddin,81,37,Batter,Anchor
Towhid Hridoy,80,42,Batter,Aggressor
Tony De Zorzi,80,28,Batter,Standard
Tom Rogers,66,80,All-Rounder_Pace,Standard
Tom Hartley,49,79,Bowler_Spin_Off,Standard
Tom Banton,80,27,Batter_WK,Aggressor
Tom Bailey,42,79,Bowler_Pace,Standard
Tom Abell,79,72,All-Rounder_Pace,Standard
Sunil Ambris,80,29,Batter,Aggressor
Shreyanka Patil,46,80,Bowler_Spin_Off,Standard
Sheldon Jackson,79,32,Batter_WK,Anchor
Shashank Singh,81,52,Batter,Finisher
Shamarh Brooks,80,42,Batter,Anchor
Saud Shakeel,81,77,All-Rounder_Spin_Off,Anchor
Sam Cook,29,81,Bowler_Pace,Standard
Sajid Khan,47,80,Bowler_Spin_Off,Standard
Rumman Raees,31,80,Bowler_Pace,Standard
Romario Shepherd,80,80,All-Rounder_Pace,Finisher
Rahat Ali,36,80,Bowler_Pace,Standard
R Van Der Merwe,76,79,All-Rounder_Spin_Off,Aggressor
R Sai Kishore,34,79,Bowler_Spin_Off,Standard
Prithvi Shaw,80,40,Batter,Aggressor
Pooja Vastrakar,66,80,All-Rounder_Pace,Standard
Paul Van Meekeren,32,79,Bowler_Pace,Standard
Obed McCoy,46,80,Bowler_Pace,Standard
Nahida Akter,28,80,Bowler_Spin_Off,Standard
Mohd Waseem,81,36,Batter,Aggressor
Muhammad Haris,80,39,Batter_WK,Aggressor
Molly Strano,41,80,Bowler_Spin_Off,Standard
Mitchell Owen,80,67,All-Rounder_Pace,Standard
Matty Potts,38,81,Bowler_Pace,Standard
Mark Steketee,30,80,Bowler_Pace,Standard
Maddy Green,80,30,Batter,Standard
Linsey Smith,28,80,Bowler_Spin_Off,Standard
Lewis Gregory,80,79,All-Rounder_Pace,Finisher
Krishnappa Gowtham,76,80,All-Rounder_Spin_Off,Aggressor
Kim Garth,79,77,All-Rounder_Pace,Standard
Khurram Manzoor,81,37,Batter,Anchor
Kartik Tyagi,35,80,Bowler_Pace,Aggressor
Kamran Ghulam,80,48,Batter,Standard
Joshua Da Silva,80,30,Batter_WK,Anchor
Jordan Silk,81,33,Batter,Anchor
Jonathan Merlo,80,76,All-Rounder_Pace,Standard
Jj Smuts,69,80,All-Rounder_Spin_Off,Standard
Jj Smit,79,75,All-Rounder_Pace,Finisher
Jitesh Sharma,80,31,Batter_WK,Finisher
Jess Kerr,38,81,Bowler_Pace,Standard
Jeffrey Vandersay,50,81,Bowler_Spin_Leg,Standard
Jeet Raval,81,45,Batter,Anchor
Jamie Overton,75,80,All-Rounder_Pace,Aggressor
Jacob Bethell,81,69,All-Rounder_Spin_Off,Standard
Kohl Eksteen,34,78,Bowler_Pace,Standard
Jack Wildermuth,72,81,All-Rounder_Pace,Standard
J Blackwood,81,48,Batter,Standard
Inoka Ranaweera,35,80,Bowler_Spin_Off,Standard
Imrul Kayes,80,30,Batter,Standard
Haseeb Hameed,81,30,Batter,Standard
Harshitha Madavi,81,29,Batter,Standard
Hardus Viljoen,45,79,Bowler_Pace,Standard
Graeme Van Buuren,81,73,All-Rounder_Spin_Off,Standard
Georgia Wareham,80,80,All-Rounder_Spin_Leg,Standard
Georgia Redmayne,80,30,Batter,Standard
George Linde,71,80,All-Rounder_Spin_Off,Standard
George Garton,54,79,Bowler_Pace,Standard
Donovan Ferreira,81,43,Batter_WK,Aggressor
Dom Sibley,80,38,Batter,Anchor
Deepak Hooda,80,64,Batter,Standard
Danny Briggs,44,81,Bowler_Spin_Off,Standard
Daniel Worrall,50,80,Bowler_Pace,Standard
Curtis Campher,76,80,All-Rounder_Pace,Standard
Craig Williams,80,41,Batter,Standard
Corbin Bosch,76,81,All-Rounder_Pace,Standard
Colin Ackermann,79,61,Batter,Standard
Carlos Brathwaite,80,75,All-Rounder_Pace,Finisher
Cameron Boyce,39,81,Bowler_Spin_Leg,Standard
Brian Bennet,81,65,Batter,Standard
Brandon King,80,34,Batter,Aggressor
Ben Sanderson,29,80,Bowler_Pace,Standard
Ben Dunk,80,39,Batter,Aggressor
Ben Brown,80,29,Batter,Standard
Beau Webster,81,54,Batter,Standard
Bas De Leede,78,81,All-Rounder_Pace,Standard
Ashley Nurse,57,80,Bowler_Spin_Off,Standard
Ashen Bandara,81,32,Batter,Standard
Arundhati Reddy,33,80,Bowler_Pace,Standard
Ali Khan,42,80,Bowler_Pace,Standard
Alex Lees,80,31,Batter,Standard
Akash Deep,49,81,Bowler_Pace,Standard
Afif Hossain,81,53,Batter,Standard
Aditya Sarwate,65,81,Bowler_Spin_Off,Standard
Abtaha Maqsood,35,80,Bowler_Spin_Leg,Standard
Abdul Samad,79,46,Batter,Finisher
Aamer Jamal,75,81,All-Rounder_Pace,Standard
Yastika Bhatia,81,30,Batter_WK,Standard
Venkatesh Iyer,82,78,All-Rounder_Pace,Standard
Usman Qadir,43,81,Bowler_Spin_Leg,Standard
Taijul Islam,40,82,Bowler_Spin_Off,Standard
T Roland-Jones,45,80,Bowler_Pace,Standard
Sohaib Maqsood,81,37,Batter,Aggressor
Shemaine Campbelle,81,47,Batter_WK,Standard
Sharjeel Khan,80,32,Batter,Aggressor
Shahnawaz Dahani,32,81,Bowler_Pace,Standard
Shahbaz Nadeem,37,81,Bowler_Spin_Off,Standard
Shahbaz Ahmed,80,76,All-Rounder_Spin_Off,Standard
Shafiqullah Shafaq,80,29,Batter_WK,Aggressor
Seb Gotch,80,30,Batter_WK,Standard
Scott Kuggeleijn,42,82,Bowler_Pace,Standard
Sarah Coyte,46,81,Bowler_Pace,Standard
Sarah Bryce,80,28,Batter_WK,Standard
Sandeep Sharma,31,82,Bowler_Pace,Standard
Sam Hain,81,29,Batter,Standard
Saika Ishaque,30,81,Bowler_Spin_Off,Standard
Sai Sudharsan,82,35,Batter,Anchor
S Samarawickrama,81,31,Batter_WK,Standard
Ryan Higgins,73,80,All-Rounder_Pace,Standard
Ruben Trumpelmann,31,80,Bowler_Pace,Standard
Rosemary Mair,38,82,Bowler_Pace,Standard
Rory Burns,81,32,Batter,Standard
Riyan Parag,81,54,Batter,Aggressor
Richie Berrington,81,64,All-Rounder_Pace,Standard
Ravi Rampaul,34,80,Bowler_Pace,Standard
Ravi Bopara,81,65,All-Rounder_Pace,Standard
Rajeshwari Gayakwad,23,81,Bowler_Spin_Off,Standard
R Vasconcelos,80,28,Batter,Standard
Prabhsimran Singh,81,28,Batter_WK,Aggressor
Prabath Jayasuriya,33,81,Bowler_Spin_Off,Standard
Pieter Malan,81,34,Batter,Standard
Paul Stirling,81,60,Batter,Aggressor
Oshadi Ranasinghe,40,81,Bowler_Spin_Off,Standard
Olly Stone,43,81,Bowler_Pace,Standard
Odean Smith,78,80,All-Rounder_Pace,Aggressor
Niroshan Dickwella,81,29,Batter_WK,Aggressor
Nicola Carey,76,79,All-Rounder_Pace,Standard
Naveen Ul Haq,32,81,Bowler_Pace,Standard
Navdeep Saini,40,81,Bowler_Pace,Standard
Mohd Naim,81,29,Batter,Standard
Mohd Irfan,28,81,Bowler_Pace,Standard
Mohd Hasnain,44,82,Bowler_Pace,Standard
Michael Hogan,43,81,Bowler_Pace,Standard
Mark Watt,56,80,Bowler_Spin_Off,Standard
Marcus Harris,81,31,Batter,Standard
Maia Bouchier,81,28,Batter,Standard
Lakshan Sandakan,40,82,Bowler_Spin_Leg,Standard
Ks Bharat,81,28,Batter_WK,Standard
Kirstie Gordon,30,81,Bowler_Spin_Off,Standard
Kesrick Williams,44,81,Bowler_Pace,Standard
Keemo Paul,79,79,All-Rounder_Pace,Standard
Keegan Petersen,82,32,Batter,Standard
Kavisha Dilhari,78,80,All-Rounder_Spin_Off,Standard
Karun Nair,81,40,Batter,Standard
Kamindu Mendis,82,75,All-Rounder_Spin_Off,Standard
Junaid Khan,35,81,Bowler_Pace,Standard
Josh Bohannon,81,47,Batter,Standard
Joe Denly,81,29,Batter,Standard
Joe Burns,81,38,Batter,Standard
James Hildreth,81,32,Batter,Standard
Hilton Cartwright,81,59,Batter,Standard
Heather Graham,77,80,All-Rounder_Pace,Standard
Hayden Walsh,49,81,Bowler_Spin_Leg,Standard
Harshit Rana,59,81,Bowler_Pace,Standard
Haris Sohail,81,39,Batter,Standard
Hanuma Vihari,81,44,Batter,Anchor
Haider Ali,81,36,Batter,Aggressor
Gulbadin Naib,77,81,All-Rounder_Pace,Standard
Gerhard Erasmus,81,72,All-Rounder_Spin_Off,Standard
Gerald Coetzee,40,81,Bowler_Pace,Standard
Georgia Adams,81,80,All-Rounder_Pace,Standard
George Worker,82,67,All-Rounder_Spin_Off,Standard
George Munsey,80,29,Batter,Aggressor
Faheem Ashraf,75,82,All-Rounder_Pace,Standard
Ebadot Hossain,32,82,Bowler_Pace,Standard
Dunith Wellalage,79,80,All-Rounder_Spin_Off,Standard
Dom Bess,40,81,Bowler_Spin_Off,Standard
Dilshan Madushanka,34,80,Bowler_Pace,Standard
Darren Bravo,81,31,Batter,Anchor
Dane Vilas,82,28,Batter_WK,Standard
Dan Lawrence,82,51,Batter,Standard
D Gunathilaka,81,59,Batter,Standard
Craig Overton,64,81,Bowler_Pace,Standard
Chris Cooke,81,27,Batter_WK,Standard
Chinelle Henry,81,44,Batter,Standard
Charlie Dean,75,80,All-Rounder_Spin_Off,Standard
C Karunaratne,80,79,All-Rounder_Pace,Standard
Bjorn Fortuin,37,82,Bowler_Spin_Off,Standard
Billy Stanlake,31,82,Bowler_Pace,Standard
Beuran Hendricks,44,80,Bowler_Pace,Standard
Ben Foakes,81,29,Batter_WK,Anchor
Ben Dwarshuis,48,81,Bowler_Pace,Standard
Azam Khan,81,36,Batter_WK,Aggressor
Avesh Khan,38,81,Bowler_Pace,Standard
Anwar Ali,61,80,All-Rounder_Pace,Standard
Andre Fletcher,80,29,Batter_WK,Aggressor
Amanjot Kaur,82,76,All-Rounder_Pace,Standard
Alex Davies,81,28,Batter_WK,Standard
Adam Wheater,81,29,Batter_WK,Standard
Abrar Ahmed,40,81,Bowler_Spin_Leg,Standard
Abid Ali,81,34,Batter,Standard
Aaron Hardie,81,80,All-Rounder_Pace,Standard
A Phehlukwayo,70,80,All-Rounder_Pace,Standard
Will Young,82,32,Batter,Standard
Vaibhav Suryavanshi,83,45,Batter,Standard
Tymal Mills,30,82,Bowler_Pace,Standard
Tristan Stubbs,82,41,Batter_WK,Aggressor
Tom Blundell,82,30,Batter_WK,Standard
T Natarajan,29,82,Bowler_Pace,Standard
Steve O'Keefe,43,81,Bowler_Spin_Off,Standard
Soumya Sarkar,82,53,Batter,Standard
Sidra Amin,82,30,Batter,Standard
Shree Charani,38,82,Bowler_Pace,Standard
Sherfane Rutherford,82,44,Batter,Aggressor
Sheldon Cottrell,32,82,Bowler_Pace,Standard
Sean Williams,81,77,All-Rounder_Spin_Off,Standard
Sarfaraz Khan,82,34,Batter,Standard
Saqib Mahmood,36,82,Bowler_Pace,Standard
Sandeep Lamichhane,32,82,Bowler_Spin_Leg,Standard
Saim Ayub,82,78,All-Rounder_Spin_Off,Aggressor
Sadia Iqbal,26,82,Bowler_Spin_Off,Standard
Rovman Powell,83,43,Batter,Aggressor
Rilee Rossouw,82,36,Batter,Aggressor
Richard Gleeson,36,82,Bowler_Pace,Standard
Rajat Patidar,82,35,Batter,Standard
Rahul Tripathi,83,33,Batter,Aggressor
Rahul Tewatia,82,54,Batter,Finisher
Rahul Chahar,36,82,Bowler_Spin_Leg,Standard
Radha Yadav,53,82,Bowler_Spin_Off,Standard
Peter Handscomb,83,29,Batter_WK,Standard
Patrick Dooley,32,83,Bowler_Spin_Off,Standard
Oshane Thomas,29,82,Bowler_Pace,Standard
Orla Prendergast,82,76,All-Rounder_Pace,Standard
Nuwan Pradeep,34,82,Bowler_Pace,Standard
Nonkululeko Mlaba,33,83,Bowler_Spin_Off,Standard
Nitish Reddy,82,80,All-Rounder_Pace,Standard
Nitish Rana,82,48,Batter,Standard
Najibullah Zadran,82,34,Batter,Finisher
Mominul Haque,82,38,Batter,Anchor
Mohd Wasim,75,82,All-Rounder_Pace,Standard
Mohd Nawaz,79,83,All-Rounder_Spin_Off,Standard
Mitchell Swepson,36,83,Bowler_Spin_Leg,Standard
Matt Parkinson,29,83,Bowler_Spin_Leg,Standard
Mark Chapman,83,33,Batter,Standard
Liam Plunkett,61,82,Bowler_Pace,Standard
Lauren Bell,27,82,Bowler_Pace,Standard
Lahiru Kumara,34,82,Bowler_Pace,Standard
Kyle Verreynne,83,29,Batter_WK,Standard
Khaleel Ahmed,34,82,Bowler_Pace,Standard
Katie Levick,28,82,Bowler_Spin_Leg,Standard
Kathryn Bryce,82,30,Batter,Standard
Jhye Richardson,40,82,Bowler_Pace,Standard
Jaydev Unadkat,41,82,Bowler_Pace,Standard
James Faulkner,77,83,All-Rounder_Pace,Standard
Jake Weatherald,82,34,Batter,Standard
Jake Ball,31,81,Bowler_Pace,Standard
Jacob Duffy,36,82,Bowler_Pace,Standard
Hazratullah Zazai,82,30,Batter,Aggressor
Hannah Rowe,44,82,Bowler_Pace,Standard
Grace Harris,83,53,Batter,Aggressor
Freya Davies,43,83,Bowler_Pace,Standard
Fi Morris,74,81,All-Rounder_Spin_Off,Standard
Fargana Hoque,82,30,Batter,Standard
Fabian Allen,74,82,All-Rounder_Spin_Off,Standard
Eve Jones,82,38,Batter,Standard
Duanne Olivier,39,81,Bowler_Pace,Standard
Dhruv Jurel,82,28,Batter_WK,Finisher
Devdutt Padikkal,82,34,Batter,Standard
Corey Anderson,82,78,All-Rounder_Pace,Aggressor
Chris Rushworth,37,83,Bowler_Pace,Standard
Chris Green,73,83,All-Rounder_Spin_Off,Standard
Ben McDermott,82,30,Batter_WK,Aggressor
Ben Cutting,81,73,All-Rounder_Pace,Finisher
Avishka Fernando,83,36,Batter,Standard
Akila Dananjaya,46,83,Bowler_Spin_Off,Standard
Ian Botham,92,94,All-Rounder_Pace,Aggressor
Dennis Lillee,25,94,Bowler_Pace,Standard
Michael Holding,20,97,Bowler_Pace,Standard
Malcolm Marshall,35,96,Bowler_Pace,Standard
Joel Garner,18,96,Bowler_Pace,Standard
Andy Roberts,22,96,Bowler_Pace,Standard
Clive Lloyd,93,25,Batter,Aggressor
Mitchell Johnson,35,94,Bowler_Pace,Aggressor
Allan Donald,15,96,Bowler_Pace,Standard
Matthew Forde,72,79,All-Rounder_Pace,Finisher
Keacy Carty,77,20,Batter,Anchor
Alick Athanaze,78,35,Batter,Standard
Justin Greaves,74,71,All-Rounder_Pace,Standard
Gudakesh Motie,48,82,Bowler_Spin_Off,Anchor
Shamar Joseph,32,80,Bowler_Pace,Aggressor
Jewel Andrew,72,18,Batter_WK,Standard
Amir Jangoo,74,18,Batter_WK,Anchor
Jediah Blades,28,78,Bowler_Pace,Standard
Tayyab Tahir,76,25,Batter,Standard
Omair Bin Yousuf,75,20,Batter,Anchor
Salman Ali Agha,81,70,All-Rounder_Spin_Off,Anchor
Arafat Minhas,70,74,All-Rounder_Spin_Off,Standard
Sufiyan Muqeem,35,81,Bowler_Spin_Off,Aggressor
Akif Javed,27,77,Bowler_Pace,Standard
Ubaid Shah,24,79,Bowler_Pace,Aggressor
Abbas Afridi,38,82,Bowler_Pace,Aggressor
Khushdil Shah,76,63,All-Rounder_Spin_Off,Finisher
Salman Mirza,22,75,Bowler_Pace,Standard
Hunain Shah,25,76,Bowler_Pace,Standard
Ali Raza,20,80,Bowler_Pace,Aggressor
Mohammad Ismail,24,77,Bowler_Pace,Standard
Syed Muhammad Abdul Samad,72,22,Batter,Standard
Irfan Khan Niazi,78,42,Batter,Finisher
Haseebullah Khan,77,18,Batter_WK,Anchor
Scott Edwards,82,18,Batter_WK,Anchor
Max O'Dowd,80,22,Batter,Anchor
Michael Levitt,79,20,Batter,Aggressor
Teja Nidamanuru,78,25,Batter,Standard
Noah Croes,73,18,Batter_WK,Anchor
Saqib Zulfiqar,64,75,All-Rounder_Spin_Leg,Standard
Tim Pringle,42,78,Bowler_Spin_Orthodox,Anchor
Fred Klaassen,26,82,Bowler_Pace,Anchor
Kyle Klein,24,79,Bowler_Pace,Aggressor
Logan van Beek,69,80,All-Rounder_Pace,Finisher
Aryan Dutt,45,80,Bowler_Spin_Off,Anchor
Daniel Doram,31,74,Bowler_Spin,Standard
Vivian Kingma,28,78,Bowler_Pace,Standard
Wesley Barresi,74,15,Batter_WK,Anchor
Zach Lion-Cachet,71,68,All-Rounder_Spin_Off,Standard
Tom de Leede,72,65,All-Rounder_Pace,Standard
Cedric de Lange,73,68,All-Rounder_Spin_Leg,Standard
Aaditt Jain,71,70,All-Rounder_Pace,Standard
Sam van Giezen,67,70,All-Rounder_Spin_Off,Standard
Teun Kloppenburg,73,27,Batter,Standard
Elmar Boendermaker,24,71,Bowler_Pace,Standard
Mark Wolfe,69,15,Batter_WK,Anchor
Alejo Nota,24,74,Bowler_Pace,Standard
Shirsak Banerjee,68,72,All-Rounder_Spin,Anchor
Ben Curran,77,28,Batter,Anchor
Tadiwanashe Marumani,78,21,Batter_WK,Aggressor
Dion Myers,75,45,Batter,Standard
Clive Madande,74,31,Batter_WK,Finisher
Brad Evans,70,78,All-Rounder_Pace,Finisher
Tony Munyonga,74,62,All-Rounder_Spin_Off,Aggressor
Richard Ngarava,30,83,Bowler_Pace,Anchor
Wellington Masakadza,46,77,Bowler_Spin_Orthodox,Anchor
Graeme Cremer,42,81,Bowler_Spin_Leg,Standard
Tinotenda Maposa,24,75,Bowler_Pace,Aggressor
Craig Ervine,80,22,Batter,Anchor
Wesley Madhevere,76,58,All-Rounder_Spin_Off,Standard
Victor Nyauchi,25,78,Bowler_Pace,Standard
Trevor Gwandu,24,77,Bowler_Pace,Aggressor
Luke Jongwe,68,79,All-Rounder_Pace,Finisher
Monank Patel,81,25,Batter_WK,Anchor
Andries Gous,82,38,Batter_WK,Aggressor
Milind Kumar,79,58,All-Rounder_Spin_Off,Anchor
Shayan Jahangir,76,40,Batter,Standard
Aaron Jones,79,32,Batter,Finisher
Sanjay Krishnamurthi,75,28,Batter,Aggressor
Harmeet Singh,72,77,All-Rounder_Spin_Orthodox,Anchor
Shubham Ranjane,75,65,All-Rounder_Pace,Finisher
Shadley van Schalkwyk,68,80,All-Rounder_Pace,Standard
Saurabh Netravalkar,32,83,Bowler_Pace,Standard
Mohammad Mohsin,58,76,All-Rounder_Spin_Leg,Standard
Nosthush Kenjige,42,78,Bowler_Spin_Orthodox,Anchor
Saiteja Mukkamalla,77,22,Batter,Anchor
Jasdeep Singh,30,79,Bowler_Pace,Standard
Anthony Mosca,72,32,Batter,Standard
Justin Mosca,75,20,Batter,Anchor
Harry Manenti,68,78,All-Rounder_Pace,Standard
Jaspreet Singh,32,80,Bowler_Pace,Standard
Zain Ali,28,77,Bowler_Pace,Standard
Syed Naqvi,74,20,Batter,Anchor
Ben Manenti,55,80,Bowler_Spin_Off,Standard
Marcus Campopiano,73,28,Batter,Standard
Gian Meade,71,23,All-Rounder_Pace,Standard
Ali Hasan,27,76,Bowler_Pace,Standard
Grant Stewart,73,77,All-Rounder_Pace,Finisher
Thomas Draca,25,77,Bowler_Pace,Aggressor
Crishan Kalugamage,24,74,Bowler_Pace,Standard
Ross Adair,78,20,Batter,Aggressor
Andrew Balbirnie,80,38,Batter,Anchor
Harry Tector,84,25,Batter,Anchor
Lorcan Tucker,83,28,Batter_WK,Aggressor
George Dockrell,76,62,All-Rounder_Spin_Off,Finisher
Gareth Delany,74,72,All-Rounder_Spin_Leg,Aggressor
Andy McBrine,67,77,All-Rounder_Spin_Off,Anchor
Mark Adair,71,80,All-Rounder_Pace,Aggressor
Joshua Little,28,84,Bowler_Pace,Aggressor
Barry McCarthy,38,81,Bowler_Pace,Aggressor
Craig Young,32,80,Bowler_Pace,Standard
Ben White,34,79,Bowler_Spin_Leg,Standard
Matthew Humphreys,30,78,Bowler_Spin_Orthodox,Anchor
Stephen Doheny,76,27,Batter_WK,Anchor
Gavin Hoey,62,73,All-Rounder_Spin_Leg,Standard
Tim Tector,73,45,Batter,Anchor
Rohit Paudel,78,35,Batter,Anchor
Kushal Bhurtel,78,55,All-Rounder_Spin_Leg,Aggressor
Sundeep Jora,76,20,Batter,Finisher
Anil Sah,75,18,Batter,Standard
Aasif Sheikh,79,15,Batter_WK,Anchor
Lokesh Bam,74,15,Batter_WK,Aggressor
Dipendra Singh Airee,81,77,All-Rounder_Spin_Off,Finisher
Sompal Kami,73,80,All-Rounder_Pace,Standard
Karan KC,70,80,All-Rounder_Pace,Finisher
Gulshan Jha,75,77,All-Rounder_Pace,Aggressor
Aarif Sheikh,76,65,All-Rounder_Pace,Anchor
Abinash Bohara,25,79,Bowler_Pace,Standard
Kamal Singh Airee,28,77,Bowler_Pace,Standard
Lalit Rajbanshi,22,77,Bowler_Spin_Orthodox,Anchor
Nandan Yadhav,24,75,Bowler_Pace,Standard
Basir Ahmed,66,74,All-Rounder_Spin_Orthodox,Standard
Sher Malla,25,74,Bowler_Spin_Off,Standard
Bipin Sharma,68,25,Batter,Standard
Shehan Jayasuriya,77,68,All-Rounder_Spin_Off,Anchor
Jessy Singh,35,78,Bowler_Pace,Standard
Steven Taylor,79,52,All-Rounder_Spin_Off,Aggressor
Nitish Kumar,76,45,All-Rounder_Spin_Off,Standard
Nisarg Patel,68,75,All-Rounder_Spin_Orthodox,Standard
Ben Calitz,71,15,Batter_WK,Standard
Graham Hume,35,78,Bowler_Pace,Standard
Fionn Hand,65,76,All-Rounder_Pace,Standard
Neil Rock,74,15,Batter_WK,Aggressor
Sebastian Dijkstra,25,75,Bowler_Pace,Standard
Nahid Rana,20,80,Bowler_Pace,Aggressor
Karim Janat,74,77,All-Rounder_Pace,Finisher
Zia-ur-Rehman Akbar,35,77,Bowler_Spin_Orthodox,Standard
Ijaz Ahmad Ahmadzai,73,35,Batter,Aggressor
Abdul Rahman,28,76,Bowler_Pace,Standard
Ben Fletcher,25,75,Bowler_Pace,Standard
Damith Kosala,72,67,All-Rounder_Pace,Standard
Bilal Muhammad,25,76,Bowler_Pace,Standard
Zain Naqvi,74,15,Batter_WK,Standard
Joyperpreet Singh,23,75,Bowler_Pace,Standard
Nicholas Maiolo,71,73,All-Rounder_Spin_Off,Standard
Gareth Berg,68,76,All-Rounder_Pace,Finisher
Rakibul Hasan,38,76,Bowler_Spin_Orthodox,Anchor
Ishan Ranepura,66,71,All-Rounder_Spin_Orthodox,Anchor
Pidusha Fernando,64,74,All-Rounder_Pace,Finisher
Samaru Jayawardena,68,23,Batter_WK,Aggressor
Muhammad Arslan,70,65,All-Rounder_Pace,Standard
Angelo Andradege,72,62,All-Rounder_Pace,Standard
Faizan Hussain,60,71,All-Rounder_Pace,Standard
Isra Munshi,63,69,All-Rounder_Pace,Anchor
Raheem Qureshi,25,77,Bowler_Pace,Aggressor
Asad Tanveer,73,18,Batter,Aggressor
Achintha Naththandige,67,68,All-Rounder_Pace,Standard
Stefano di Bartolomeo,22,78,Bowler_Pace,Aggressor
Farhaan Behardien,83,42,Batter,Finisher
AB de Villiers,96,30,Batter_WK,Aggressor
Don Bradman,99,20,Batter,Anchor
Sachin Tendulkar,99,45,Batter,Anchor
Wally Hamood,94,55,Batter,Anchor
Anil Kumble,35,95,Bowler_Spin_Leg,Standard
Lasith Malinga,22,94,Bowler_Pace,Finisher
Jasprit Bumrah,28,97,Bowler_Pace,Aggressor
Rahul Dravid,95,25,Batter,Anchor
MS Dhoni,94,20,Batter_WK,Finisher
Shikhar Dhawan,88,30,Batter,Aggressor
Sourav Ganguly,89,50,Batter,Aggressor
David Warner,92,30,Batter,Aggressor
George Lohmann,40,92,Bowler_Pace,Standard
Cheteshwar Pujara,87,20,Batter,Anchor
Adam Gilchrist,93,25,Batter_WK,Aggressor
James Anderson,25,93,Bowler_Pace,Standard
Kane Williamson,92,45,Batter,Anchor
Virender Sehwag,92,45,Batter,Aggressor
Jack Hobbs,92,35,Batter,Anchor
Jos Buttler,90,25,Batter_WK,Finisher
Faf du Plesis,88,25,Batter,Anchor
Chris Gayle,91,40,Batter,Aggressor
Sydney Barnes,35,93,Bowler_Pace,Standard
Adam Zampa,30,88,Bowler_Spin_Leg,Standard
Travis Head,89,45,Batter,Aggressor
Babar Azam,92,25,Batter,Anchor
Rashid Khan,52,93,Bowler_Spin_Leg,Aggressor
Morne Morkel,22,89,Bowler_Pace,Standard
Brett Lee,30,91,Bowler_Pace,Aggressor
Trent Boult,25,91,Bowler_Pace,Standard
Harbhajan Singh,40,89,Bowler_Spin_Off,Standard
Dale Steyn,25,94,Bowler_Pace,Aggressor
Zaheer Khan,30,88,Bowler_Pace,Standard
Quinton de Kock,90,20,Batter_WK,Aggressor
Josh Hazlewood,22,91,Bowler_Pace,Standard
Sid Barnes,88,25,Batter,Anchor
Joe Root,93,50,Batter,Anchor
VVS Laxman,89,25,Batter,Anchor
Gautam Gambhir,88,20,Batter,Anchor
Ricky Ponting,94,30,Batter,Aggressor
Jacques Kallis,93,82,All-Rounder_Pace,Anchor
Pat Cummins,40,92,Bowler_Pace,Standard
Mitchell Starc,30,92,Bowler_Pace,Aggressor
Josh Inglis,83,20,Batter_WK,Aggressor
Johnson Charles,80,20,Batter_WK,Aggressor
Garfield Sobers,94,84,All-Rounder_Pace,Aggressor
Sune Luus,79,72,All-Rounder_Spin_Leg,Standard
Mushfiqur Rahim,83,20,Batter_WK,Anchor
Fakhar Zaman,85,30,Batter,Aggressor
Marco Jansen,55,86,Bowler_Pace,Standard
Alyssa Healy,85,20,Batter_WK,Aggressor
Matt Henry,35,86,Bowler_Pace,Standard
Abdur Razzak,35,84,Bowler_Spin_Orthodox,Standard
Kagiso Rabada,35,91,Bowler_Pace,Aggressor
Andrew Symonds,85,77,All-Rounder_Pace,Aggressor
Y Chahal,25,86,Bowler_Spin_Leg,Standard
Heather Knight,84,52,Batter,Anchor
Shaheen Afridi,32,89,Bowler_Pace,Aggressor
Andy Flower,89,25,Batter_WK,Anchor
Glenn Phillips,85,50,Batter,Aggressor
Brad Haddin,83,20,Batter_WK,Aggressor
Nqobani Mokoena,42,80,Bowler_Spin_Off,Standard
Daryl Mitchell,85,58,Batter,Anchor
Harry Brook,88,25,Batter,Aggressor
Ajit Agarkar,42,84,Bowler_Pace,Standard
M Trescothick,87,30,Batter,Aggressor
Mujeeb Ur Rahman,25,85,Bowler_Spin_Off,Standard
Mark Wood,30,87,Bowler_Pace,Aggressor
Ravi Ashwin,58,90,Bowler_Spin_Off,Standard
Litton Das,83,20,Batter_WK,Aggressor
Marlon Samuels,84,55,Batter,Standard
Ben Stokes,92,82,All-Rounder_Pace,Finisher
David Miller,85,20,Batter,Finisher
Mitchell McClenaghan,28,82,Bowler_Pace,Standard
Mohd Siraj,25,86,Bowler_Pace,Aggressor
Saeed Ajmal,30,88,Bowler_Spin_Off,Standard
Kashvee Gautam,45,79,Bowler_Pace,Standard
Sikandar Raza,85,79,All-Rounder_Spin_Off,Aggressor
Ishan Kishan,84,20,Batter_WK,Aggressor
Richa Ghosh,82,20,Batter_WK,Aggressor
Megan Schutt,28,84,Bowler_Pace,Standard
Chris Jordan,45,83,Bowler_Pace,Finisher
Amy Jones,82,20,Batter_WK,Standard
Sarah Glenn,32,83,Bowler_Spin_Leg,Standard
Hardik Pandya,87,81,All-Rounder_Pace,Finisher
Mohd Hafeez,84,76,All-Rounder_Spin_Off,Standard
Ravindra Jadeja,82,90,All-Rounder_Spin_Orthodox,Standard
Lloyd Pope,28,82,Bowler_Spin_Leg,Standard
Rvd Dussen,86,25,Batter,Anchor
Andre Russell,87,83,All-Rounder_Pace,Finisher
Ish Sodhi,28,84,Bowler_Spin_Leg,Standard
Mohd Asif,30,88,Bowler_Pace,Standard
M Theekshana,25,85,Bowler_Spin_Off,Standard
Tabraiz Shamsi,22,86,Bowler_Spin_Leg,Standard
Alzarri Joseph,28,85,Bowler_Pace,Standard
Keshav Maharaj,32,86,Bowler_Spin_Orthodox,Standard
Dwayne Bravo,76,85,All-Rounder_Pace,Finisher
Lungi Ngidi,26,85,Bowler_Pace,Standard
Rishabh Pant,88,20,Batter_WK,Aggressor
Eoin Morgan,86,25,Batter,Aggressor
Bhuvneshwar Kumar,35,86,Bowler_Pace,Standard
Devon Conway,86,20,Batter,Anchor
Ravi Shastri,83,74,All-Rounder_Spin_Orthodox,Anchor
Irfan Pathan,68,84,All-Rounder_Pace,Standard
Sanju Samson,85,20,Batter_WK,Aggressor
Lockie Ferguson,25,87,Bowler_Pace,Aggressor
Brad Hogg,38,84,Bowler_Spin_Leg,Standard
Mehidy Hasan,58,85,Bowler_Spin_Off,Standard
George Bailey,84,20,Batter,Anchor
Jemimah Rodrigues,84,30,Batter,Anchor
Jp Duminy,84,56,Batter,Anchor
Amit Mishra,30,85,Bowler_Spin_Leg,Standard
Darcie Brown,25,83,Bowler_Pace,Standard
Eddie Gilbert,30,85,Bowler_Pace,Standard
Arshdeep Singh,25,86,Bowler_Pace,Standard
Sophie Devine,86,74,All-Rounder_Pace,Aggressor
Steve Smith,93,40,Batter,Anchor
Mohammad Rizwan,87,20,Batter_WK,Anchor
Michael Bevan,87,55,Batter,Finisher
Shane Watson,86,79,All-Rounder_Pace,Aggressor
Phil Salt,85,20,Batter_WK,Aggressor
Vernon Philander,45,86,Bowler_Pace,Standard
Scott Boland,25,85,Bowler_Pace,Standard
Harmanpreet Kaur,85,55,Batter,Aggressor
Umar Gul,30,85,Bowler_Pace,Standard
Alana King,28,84,Bowler_Spin_Leg,Standard
Shimron Hetmyer,85,20,Batter,Finisher
Michael Vaughan,86,25,Batter,Anchor
Jason Gillespie,30,87,Bowler_Pace,Standard
Shakib Al Hasan,86,87,All-Rounder_Spin_Orthodox,Standard
Adil Rashid,32,86,Bowler_Spin_Leg,Standard
Kuldeep Yadav,25,87,Bowler_Spin_Leg,Standard
Jess Jonassen,56,84,Bowler_Spin_Orthodox,Standard
Shreyas Iyer,86,25,Batter,Aggressor
Nicholas Pooran,87,20,Batter_WK,Finisher
Mustafizur Rahman,25,86,Bowler_Pace,Standard
Tom Latham,85,20,Batter_WK,Anchor
Alex Carey,83,20,Batter_WK,Standard
Imran Tahir,30,87,Bowler_Spin_Leg,Standard
Jofra Archer,35,89,Bowler_Pace,Aggressor
Adam Milne,25,84,Bowler_Pace,Standard
Kusal Mendis,84,20,Batter_WK,Aggressor
Dinesh Karthik,84,20,Batter_WK,Finisher
Shamar Springer,68,80,All-Rounder_Pace,Standard
Nigar Sultana,80,20,Batter_WK,Standard
Beth Mooney,86,20,Batter_WK,Anchor
Kyle Jamieson,45,87,Bowler_Pace,Standard
Mohammad Shami,30,90,Bowler_Pace,Standard
Tammy Beaumont,84,20,Batter,Anchor
Neil Wagner,25,86,Bowler_Pace,Standard
Mashrafe Mortaza,38,84,Bowler_Pace,Standard
Rahmanullah Gurbaz,85,20,Batter_WK,Aggressor
Fazalhaq Farooqi,25,84,Bowler_Pace,Standard
Graeme Pollock,91,20,Batter,Anchor
Jordan Hermann,80,20,Batter,Standard
S Sreesanth,25,84,Bowler_Pace,Aggressor
Dinesh Chandimal,84,20,Batter_WK,Anchor
Yuvraj Singh,87,60,Batter,Aggressor
Shubman Gill,89,20,Batter,Anchor
Anrich Nortje,25,87,Bowler_Pace,Aggressor
Pathum Nissanka,85,20,Batter,Anchor
Lea Tahuhu,28,83,Bowler_Pace,Standard
Temba Bavuma,84,25,Batter,Anchor
Kate Cross,28,83,Bowler_Pace,Standard
Tim David,86,30,Batter,Finisher
Ashish Nehra,25,85,Bowler_Pace,Standard
Jonathan Trott,86,25,Batter,Anchor
Usman Khawaja,87,20,Batter,Anchor
Dean Elgar,85,30,Batter,Anchor
Abdul Razzaq,78,85,All-Rounder_Pace,Finisher
Monty Panesar,25,85,Bowler_Spin_Orthodox,Standard
Arthur Shrewsbury,85,20,Batter,Anchor
Brendan Taylor,84,20,Batter_WK,Aggressor
Aaron Finch,86,20,Batter,Aggressor
Yashasvi Jaiswal,88,30,Batter,Aggressor
Phoebe Litchfield,83,20,Batter,Aggressor
Jonny Bairstow,87,20,Batter_WK,Aggressor
Mohammad Amir,30,87,Bowler_Pace,Standard
Haris Rauf,30,86,Bowler_Pace,Aggressor
Naman Dhir,82,45,Batter,Aggressor
M Labuschagne,89,50,Batter,Anchor
Gaby Lewis,82,30,Batter,Aggressor
Shafali Verma,85,40,Batter,Aggressor
Hayley Matthews,85,78,All-Rounder_Spin_Off,Aggressor
Ben Duckett,87,20,Batter,Aggressor
Afy Fletcher,28,81,Bowler_Spin_Leg,Standard
Graeme Swann,35,88,Bowler_Spin_Off,Standard
Nasser Hussain,85,20,Batter,Anchor
Kevin O'Brien,82,70,All-Rounder_Pace,Finisher
Heinrich Klaasen,88,20,Batter_WK,Aggressor
Asghar Afghan,83,20,Batter,Anchor
Peter Siddle,30,85,Bowler_Pace,Standard
Les Ames,87,20,Batter_WK,Anchor
Moeen Ali,84,82,All-Rounder_Spin_Off,Aggressor
Bishan Singh Bedi,30,88,Bowler_Spin_Orthodox,Standard
Kl Rahul,88,20,Batter_WK,Anchor
Ambati Rayudu,83,40,Batter,Standard
Graham Gooch,89,30,Batter,Aggressor
Andrew Strauss,86,20,Batter,Anchor
Chamari Athapaththu,86,52,Batter,Aggressor
Shai Hope,85,20,Batter_WK,Anchor
Jayden Seales,22,80,Bowler_Pace,Standard
Yusuf Pathan,80,68,All-Rounder_Spin_Off,Finisher
Renuka Singh,22,80,Bowler_Pace,Standard
Shoaib Malik,82,72,All-Rounder_Spin_Off,Standard
Zak Crawley,82,20,Batter,Aggressor
Jack Leach,22,82,Bowler_Spin_Orthodox,Standard
Reeza Hendricks,83,20,Batter,Standard
Axar Patel,78,85,All-Rounder_Spin_Orthodox,Standard
Finn Allen,84,20,Batter,Aggressor
Marcus Stoinis,84,76,All-Rounder_Pace,Finisher
Akeal Hosein,35,82,Bowler_Spin_Orthodox,Standard
Umesh Yadav,25,84,Bowler_Pace,Standard
Deandra Dottin,84,75,All-Rounder_Pace,Aggressor
Kemar Roach,22,85,Bowler_Pace,Standard
Henry Nicholls,82,20,Batter,Anchor
Varun Chakravarthy,22,85,Bowler_Spin_Off,Standard
Marufa Akter,22,78,Bowler_Pace,Standard
Jason Roy,85,20,Batter,Aggressor
Matt Short,82,70,All-Rounder_Spin_Off,Aggressor
Kane Richardson,28,82,Bowler_Pace,Standard
Michael Bracewell,80,76,All-Rounder_Spin_Off,Aggressor
Ryan Rickelton,83,20,Batter_WK,Aggressor
Mohd Nabi,80,82,All-Rounder_Spin_Off,Aggressor
Kieron Pollard,84,76,All-Rounder_Pace,Finisher
Ajaz Patel,20,83,Bowler_Spin_Orthodox,Standard
Laura Delany,78,70,All-Rounder_Spin_Leg,Standard
Prasidh Krishna,25,83,Bowler_Pace,Standard
D Chameera,28,83,Bowler_Pace,Standard
Amanda Wellington,30,79,Bowler_Spin_Leg,Standard
Reece Topley,22,83,Bowler_Pace,Standard
Poonam Yadav,25,79,Bowler_Spin_Leg,Standard
Ekta Bisht,22,78,Bowler_Spin_Orthodox,Standard
Tilak Varma,86,40,Batter,Aggressor
Matheesha Pathirana,22,85,Bowler_Pace,Finisher
Dinesh Ramdin,80,20,Batter_WK,Standard
Abdullah Shafique,84,20,Batter,Anchor
James Neesham,80,78,All-Rounder_Pace,Finisher
Angelo Mathews,85,72,All-Rounder_Pace,Anchor
T Van Gugten,30,78,Bowler_Pace,Standard
Sahibzada Farhan,80,20,Batter,Aggressor
Kusal Perera,84,20,Batter_WK,Aggressor
Will Jacks,83,70,All-Rounder_Spin_Off,Aggressor
James Vince,84,20,Batter,Aggressor
Fidel Edwards,20,82,Bowler_Pace,Standard
Manish Pandey,82,20,Batter,Anchor
James Pattinson,30,84,Bowler_Pace,Standard
Gus Atkinson,30,85,Bowler_Pace,Standard
Ollie Pope,84,20,Batter,Aggressor
Kraigg Brathwaite,80,20,Batter,Anchor
Charith Asalanka,84,55,Batter,Aggressor
Shikha Pandey,30,80,Bowler_Pace,Standard
Ibrahim Zadran,83,20,Batter,Anchor
Deepak Chahar,40,83,Bowler_Pace,Standard
Nilakshi De Silva,76,45,Batter,Standard
Tazmin Brits,82,20,Batter,Aggressor
Sophia Dunkley,82,30,Batter,Aggressor
Angkrish Raghuvanshi,80,20,Batter,Aggressor
Naseem Shah,28,86,Bowler_Pace,Aggressor
Chloe Tryon,80,70,All-Rounder_Spin_Orthodox,Aggressor
Cameron Bancroft,80,20,Batter,Anchor
Xavier Bartlett,30,82,Bowler_Pace,Standard
Jamie Smith,83,20,Batter_WK,Aggressor
Chris Lynn,84,20,Batter,Finisher
Dasun Shanaka,80,72,All-Rounder_Pace,Finisher
Nadine De Klerk,78,76,All-Rounder_Pace,Standard
Eden Carson,30,78,Bowler_Spin_Off,Standard
Mohammad Shahzad,82,20,Batter_WK,Aggressor
Evin Lewis,85,20,Batter,Aggressor
Liam Livingstone,84,72,All-Rounder_Spin_Leg,Finisher
Eshan Malinga,28,79,Bowler_Pace,Standard
Tanzim Hasan Sakib,30,80,Bowler_Pace,Standard
Taskin Ahmed,28,84,Bowler_Pace,Standard
Josh Philippe,82,20,Batter_WK,Aggressor
Darcy Short,83,55,Batter,Aggressor
Glenn Maxwell,88,76,All-Rounder_Spin_Off,Aggressor
Sunil Narine,78,86,All-Rounder_Spin_Off,Aggressor
Allah Ghazanfar,25,82,Bowler_Spin_Off,Standard
Wanindu Hasaranga,72,86,All-Rounder_Spin_Leg,Aggressor
Yasir Shah,25,84,Bowler_Spin_Leg,Standard
D De Silva,80,72,All-Rounder_Spin_Off,Standard
Mohd Abbas,20,83,Bowler_Pace,Standard
Mukesh Kumar,28,82,Bowler_Pace,Standard
Lhuan-dre Pretorius,80,20,Batter_WK,Aggressor
Sean Abbott,45,82,Bowler_Pace,Standard
Suzie Bates,85,40,Batter,Aggressor
Issy Wong,28,79,Bowler_Pace,Standard
Qais Ahmad,30,80,Bowler_Spin_Leg,Standard
Matthew Breetzke,82,20,Batter,Standard
B Rajapaksa,82,20,Batter,Aggressor
Mohit Sharma,30,81,Bowler_Pace,Standard
Tim Seifert,82,20,Batter_WK,Aggressor
Nauman Ali,30,82,Bowler_Spin_Orthodox,Standard
Agha Salman,80,60,All-Rounder_Spin_Off,Standard
Mitchell Marsh,85,76,All-Rounder_Pace,Aggressor
Washington Sundar,78,82,All-Rounder_Spin_Off,Standard
Noor Ahmad,25,84,Bowler_Spin_Leg,Standard
Sam Curran,80,82,All-Rounder_Pace,Finisher
H Shahidi,82,20,Batter,Anchor
Danni Wyatt,83,30,Batter,Aggressor
Ollie Robinson,30,84,Bowler_Pace,Standard
Darren Sammy,76,70,All-Rounder_Pace,Finisher
Blessing Muzarabani,25,82,Bowler_Pace,Standard
Riley Meredith,28,82,Bowler_Pace,Standard
Harshal Patel,35,82,Bowler_Pace,Standard
Pratika Rawal,78,20,Batter,Anchor
Sam Billings,82,20,Batter_WK,Standard
Dewald Brevis,84,40,Batter,Aggressor
N Coulter-Nile,40,82,Bowler_Pace,Standard
Priyansh Arya,80,20,Batter,Aggressor
Simon Harmer,35,84,Bowler_Spin_Off,Standard
Spencer Johnson,28,82,Bowler_Pace,Standard
Sam konstas,82,20,Batter,Aggressor
Nathan Ellis,30,82,Bowler_Pace,Standard
Suryakumar Yadav,90,30,Batter,Aggressor
Roston Chase,80,72,All-Rounder_Spin_Off,Standard
Shan Masood,84,20,Batter,Anchor
Hasan Ali,30,82,Bowler_Pace,Aggressor
Andrew Tye,35,80,Bowler_Pace,Standard
Stephen Finn,25,82,Bowler_Pace,Standard
Ravi Bishnoi,25,83,Bowler_Spin_Leg,Standard
Krunal Pandya,75,78,All-Rounder_Spin_Orthodox,Standard
Iftikhar Ahmed,80,60,All-Rounder_Spin_Off,Finisher
Ruturaj Gaikwad,86,30,Batter,Anchor
Kamil Mishara,78,20,Batter_WK,Standard
Rahmat Shah,82,30,Batter,Anchor
Jason Behrendorff,28,82,Bowler_Pace,Standard
Shadab Khan,70,83,All-Rounder_Spin_Leg,Aggressor
Ajinkya Rahane,85,20,Batter,Anchor
Rinku Singh,85,30,Batter,Finisher
Leigh Kasperek,30,78,Bowler_Spin_Off,Standard
Azmatullah Omarzai,80,80,All-Rounder_Pace,Standard
Tahlia Mcgrath,82,72,All-Rounder_Pace,Aggressor
Alice Capsey,78,65,All-Rounder_Spin_Off,Aggressor
Ishant Sharma,25,82,Bowler_Pace,Standard
Imam Ul Haq,83,20,Batter,Anchor
Annabel Sutherland,80,78,All-Rounder_Pace,Standard
Shardul Thakur,45,81,Bowler_Pace,Standard
Rubel Hossain,25,80,Bowler_Pace,Standard
Rachin Ravindra,84,72,All-Rounder_Spin_Orthodox,Aggressor
Jason Holder,78,84,All-Rounder_Pace,Standard
Mayank Agarwal,83,20,Batter,Aggressor
Mitchell Santner,72,83,All-Rounder_Spin_Orthodox,Standard
Cameron Green,84,80,All-Rounder_Pace,Aggressor
Nida Dar,78,76,All-Rounder_Spin_Off,Standard
Najmul Shanto,84,20,Batter,Anchor
L Embuldeniya,20,82,Bowler_Spin_Orthodox,Standard
Isaac Mohammed,72,40,Batter,Standard
Kyle Mayers,82,72,All-Rounder_Pace,Aggressor
Shamim Hossain,76,40,Batter,Finisher
Urvil Patel,76,20,Batter_WK,Aggressor
Shivam Dube,85,65,All-Rounder_Pace,Finisher
Sameer Rizvi,76,20,Batter,Aggressor
Arshad Khan,30,76,Bowler_Pace,Standard
Harsh Dubey,65,78,All-Rounder_Spin_Orthodox,Standard
Mahedi Hasan,70,78,All-Rounder_Spin_Off,Standard
Shoaib Bashir,25,78,Bowler_Spin_Off,Standard
Alex Green,70,68,All-Rounder_Pace,Standard
Ayush Mathre,75,20,Batter,Standard
Sachin Dhas,76,30,Batter,Aggressor
Zia-ur-Rahman Sharifi,70,72,All-Rounder_Spin_Orthodox,Standard
Will Smeed,80,20,Batter,Aggressor
Madhaw Tiwari,72,45,Batter,Standard
Vignesh Puthur,30,76,Bowler_Spin_Leg,Standard
Yudhvirsingh Charak,30,74,Bowler_Pace,Standard
Rocky Flintoff,76,40,Batter,Standard
Brydon Carse,40,82,Bowler_Pace,Standard
Rubin Hermann,78,20,Batter,Standard
Josh Tongue,25,80,Bowler_Pace,Standard
Gurnoor Singh,28,74,Bowler_Pace,Standard
Ramandeep Singh,76,65,All-Rounder_Pace,Finisher
Lasith Croospulle,74,40,Batter,Standard
Jason Rowles,72,20,Batter_WK,Standard
Virat Singh,76,30,Batter,Aggressor
Matthew Khunemann,25,78,Bowler_Spin_Orthodox,Standard
Abdul Malik,74,20,Batter,Standard
Tushar Deshpande,28,78,Bowler_Pace,Standard
Vijaykumar Vyshak,30,78,Bowler_Pace,Standard
Yash Thakur,30,76,Bowler_Pace,Standard
Vaibhav Arora,30,78,Bowler_Pace,Standard
Adithya Ashok,30,74,Bowler_Spin_Leg,Standard
Michael Neser,50,80,Bowler_Pace,Standard
Luke Wood,35,78,Bowler_Pace,Standard
Parvez Hossain Emon,76,20,Batter,Aggressor
Mukesh Choudhary,25,76,Bowler_Pace,Standard
Abhinav Manohar,78,30,Batter,Aggressor
Prince Yadav,28,74,Bowler_Pace,Standard
Abhishek Sharma,84,65,All-Rounder_Spin_Off,Aggressor
Liam Dawson,70,80,All-Rounder_Spin_Orthodox,Standard
Cooper Connoly,74,68,All-Rounder_Spin_Orthodox,Standard
Chris Morris,70,82,All-Rounder_Pace,Finisher
Ottniel Baartman,28,78,Bowler_Pace,Standard
Ajay Mandal,72,60,All-Rounder_Pace,Standard
Aiden Markram,86,55,Batter,Aggressor
Ikram Ali Khil,76,20,Batter_WK,Standard
Nangyal Kharoti,65,76,All-Rounder_Spin_Off,Standard
Rishad Hossain,30,76,Bowler_Spin_Leg,Standard
Hasan Mahmud,28,80,Bowler_Pace,Standard
Jordan Cox,78,20,Batter_WK,Aggressor
Tom Curran,45,78,Bowler_Pace,Standard
Usman Khan,80,20,Batter,Aggressor
Suyash Sharma,25,78,Bowler_Spin_Leg,Standard
Bilal Sami,25,72,Bowler_Pace,Standard
Oliver Peake,72,30,Batter,Standard
Shubham Dubey,76,30,Batter,Aggressor
Akash Madhwal,28,78,Bowler_Pace,Standard
Dean Foxcroft,74,55,All-Rounder_Pace,Standard
Emilio Gay,74,20,Batter,Standard
Rasikh Salam,28,76,Bowler_Pace,Standard
Raj Angad Bawa,72,72,All-Rounder_Pace,Standard
Fareed Ahmad Malik,28,78,Bowler_Pace,Standard
Nasum Ahmed,30,76,Bowler_Spin_Orthodox,Standard
Shoriful Islam,28,80,Bowler_Pace,Standard
Jack Edwards,74,60,All-Rounder_Pace,Standard
Darwish Rasooli,76,20,Batter,Standard
Parvez Amin,72,20,Batter,Standard
Simarjeet Singh,28,74,Bowler_Pace,Standard
Stephen Eskinazi,76,20,Batter_WK,Standard
Digvesh Singh Rathi,30,76,Bowler_Spin_Leg,Standard
M Siddharth,28,76,Bowler_Spin_Orthodox,Standard
Mohammad Saleem,28,72,Bowler_Pace,Standard
Mayank Yadavi,72,20,Batter,Standard
Nandre Burger,25,80,Bowler_Pace,Standard
Mayank Yadav,30,82,Bowler_Pace,Aggressor
Jaker Ali,78,20,Batter_WK,Finisher
Sharafuddin Ashraf,60,74,All-Rounder_Spin_Orthodox,Standard
Arjun Tendulkar,55,74,All-Rounder_Pace,Standard
Tanzid Hasan,80,20,Batter,Aggressor
Tanveer Sangha,30,78,Bowler_Spin_Leg,Standard
Hedley Verity,25,86,Bowler_Spin_Orthodox,Standard
Manav Suthar,30,74,Bowler_Spin_Orthodox,Standard
Yash Dayal,28,78,Bowler_Pace,Standard
Dian Forrester,28,72,Bowler_Pace,Standard
Ashton Agar,60,78,All-Rounder_Spin_Orthodox,Standard
KS Ranjitsinhji,90,30,Batter,Aggressor
Mahli Beardman,28,74,Bowler_Pace,Standard
Rafi Uzzaman,30,70,Bowler_Pace,Standard
Ashutosh Sharma,80,40,Batter,Finisher
Rory kelinvert,72,20,Batter,Standard
chen zhuo yue,58,25,Batter,Standard
Suryansh Shedge,72,60,All-Rounder_Pace,Standard
Nuwan Thushara,28,80,Bowler_Pace,Standard
Shahrukh Khan,80,30,Batter,Finisher
Alejandro Ferguson,30,68,Bowler_Pace,Standard
Moises Henriques,78,72,All-Rounder_Pace,Standard
Daniel Sams,70,78,All-Rounder_Pace,Finisher
Suresh Raina,84,55,Batter,Aggressor
Ryan Burl,74,68,All-Rounder_Spin_Leg,Standard
Anshul Kamboj,30,78,Bowler_Pace,Standard
Ashton Turner,78,40,Batter,Finisher
Jayden Draper,28,72,Bowler_Pace,Standard
Sediqullah Atal,76,20,Batter,Aggressor
Harnoor Singh Pannu,74,20,Batter,Standard
Rehan Ahmed,50,80,Bowler_Spin_Leg,Standard  
Shahidullah Kamal,76,30,Batter,Standard
Nathan Smith,60,78,All-Rounder_Pace,Standard
Anukul Roy,60,74,All-Rounder_Spin_Orthodox,Standard
Ben McKinney,74,20,Batter,Standard
Nehal Wadhera,78,30,Batter,Aggressor
Matt Renshaw,80,40,Batter,Anchor
Albie Morkel,78,76,All-Rounder_Pace,Finisher
Mohammad Ishaq Shirzad,28,70,Bowler_Pace,Standard
Liam Scott,70,55,All-Rounder_Pace,Standard
Hiri Hiri,30,68,Bowler_Pace,Standard
Rahkeem Cornwall,65,80,All-Rounder_Spin_Off,Standard
Aniket Varma,78,30,Batter,Aggressor
Vishnu Vinod,76,20,Batter_WK,Standard
Abhishek Porel,78,20,Batter_WK,Aggressor
Vipraj Nigam,65,74,All-Rounder_Spin_Leg,Standard
Nishant Sindhu,70,65,All-Rounder_Spin_Orthodox,Standard
Ayush Badoni,78,45,Batter,Aggressor
Cade Carmichael,74,20,Batter,Aggressor
Jordan Neill,71,22,Batter,Anchor
William Porterfield,84,40,Batter,Anchor
Grant Elliott,84,81,All-Rounder_Pace,Finisher
Hashmatullah Shahidi,81,18,Batter,Anchor
Imran Mir,70,20,Batter,Standard
Bahir Shah,79,22,Batter,Anchor
Zahir Khan,38,81,Bowler_Spin_Unorthodox,Aggressor
Abdullah Ahmadzai,25,77,Bowler_Pace,Standard
Misbah-ul-Haq,90,28,Batter,Anchor
Mohammad Nabi,83,84,All-Rounder_Spin_Off,Finisher
Noor Ul Raham,68,20,Batter,Standard
Abhigyan Kundu,72,28,Batter_WK,Anchor
Ashok Sharma,66,76,Bowler_Pace,Standard
Abhishek Porel,78,31,Batter_WK,Aggressor
Brayden DeVries,74,22,Batter,Standard
Brendan Doggett,28,82,Bowler_Pace,Aggressor
Fergus O'Neill,22,81,Bowler_Pace,Anchor
Corey Rocchiccioli,35,79,Bowler_Spin_Off,Anchor
Todd Murphy,32,83,Bowler_Spin_Off,Standard
Harry Dixon,78,20,Batter,Aggressor
Will Malajczuk,24,76,Bowler_Pace,Standard
Ryan Hicks,76,24,Batter_WK,Finisher
Tom Straker,24,79,Bowler_Pace,Aggressor
Kasey Barton,71,20,Batter,Standard
Tim Bresnan,74,80,All-Rounder_Pace,Finisher
Ryan Harris,42,86,Bowler_Pace,Anchor
Sagar Virk,74,22,Batter,Anchor
Lakshya Raichandani,48,80,Bowler_Spin_Leg,Standard
Yashbardhan Singh Chauhan,76,35,Batter,Anchor
Vineeth V K,73,24,Batter,Standard
Arjun Rajput,72,28,Batter,Aggressor
Kushagra Ojha,71,25,Batter,Anchor
Rajat Baghel,74,26,Batter_WK,Anchor
Anvay Dravid,76,25,Batter_WK,Anchor
Anmoljeet Singh,70,67,Bowler_Spin_Off,Standard
Vutkuri Yashveer Goud,75,22,Batter,Aggressor
Rohit Anil Yadav,44,78,Bowler_Pace,Standard
Shavin V,72,24,Batter,Standard
Kavya Paresh Patel,68,71,All-Rounder_Spin_Orthodox,Anchor
Mohit Ulva,69,72,Bowler_Pace,Standard
Ishan Sood,73,20,Batter,Standard
Patel Kush,40,77,Bowler_Pace,Aggressor
Manal Chauhan,70,68,All-Rounder_Spin_Off,Standard
Manav Krishna,72,18,Batter_WK,Standard
Aryan Sandesh Sakpal,71,27,Batter_WK,Anchor
Hemchudeshan J,42,76,Bowler_Pace,Standard
BK Kishore,67,69,Bowler_Pace,Finisher
Priyanshu Singh,73,21,Batter,Aggressor
Pranav Raghvendra,70,66,All-Rounder_Spin_Off,Standard
Chigurupati Venkata,69,73,Bowler_Pace,Standard
Ali Raza,22,80,Bowler_Pace,Aggressor
Momin Qamar,74,25,Batter,Anchor
Harvansh Singh,75,28,Batter_WK,Aggressor
Henil Patel,68,74,All-Rounder_Spin_Off,Standard
Kanishk Chouhan,72,20,Batter,Standard
Mohamed Enaan,70,72,All-Rounder_Spin_Leg,Standard
RS Ambrish,67,75,Bowler_Pace,Standard
Vedant Trivedi,41,77,Bowler_Spin_Leg,Anchor
James Minto,74,69,Bowler_Pace,Finisher
Jor Moores,73,23,Batter_WK,Aggressor
Aryan Sharma,72,24,Batter,Standard
Shahzaib Khan,80,22,Batter,Aggressor
Saad Baig,78,30,Batter_WK,Anchor
Ubaid Shah,25,81,Bowler_Pace,Aggressor
Mahboob Khan,73,26,Batter,Standard
Jamshid Zadran,69,75,Batter,Standard
Nayeem Hasan,35,79,Bowler_Spin_Off,Standard
Mahmudul Hasan Joy,75,15,Batter,Anchor
Shadman Islam,77,10,Batter,Anchor
Taijul Islam,40,81,Bowler_Spin_Off,Standard
Khaled Ahmed,15,78,Bowler_Pace,Standard
George Scrimshaw,28,79,Bowler_Pace,Standard
Matthew Fisher,35,80,Bowler_Pace,Standard
Tom Kohler-Cadmore,81,25,Batter,Aggressor
John Simpson,79,20,Batter_WK,Standard
Sam Whiteman,79,20,Batter,Anchor
Nathan McSweeney,80,55,Batter,Anchor
Brendan Doggett,25,80,Bowler_Pace,Standard
Joel Davies,75,72,All-Rounder_Spin_Orthodox,Standard
Henry Thornton,20,80,Bowler_Pace,Aggressor
Max Bryant,80,20,Batter,Aggressor
Josh Brown,81,20,Batter,Aggressor
Jimmy Peirson,80,20,Batter_WK,Standard
Nikhil Chaudhary,76,76,All-Rounder_Spin_Leg,Finisher
Tanveer Sangha,25,82,Bowler_Spin_Leg,Standard
Jason Sangha,80,60,Batter,Anchor
Matthew Gilkes,79,20,Batter_WK,Aggressor
Alex Ross,80,20,Batter,Finisher
Will Sutherland,75,80,All-Rounder_Pace,Standard 
Joshua Dorne,68,22,Batter,Anchor
Jewel Andrew,74,18,Batter_WK,Aggressor
Shamar Apple,66,24,All-Rounder_Spin_Orthodox,Standard
Shaquan Belle,69,20,Batter,Anchor
Zachary Carter,67,26,Batter,Standard
Tanez Francis,65,28,Batter,Standard
R'jai Gittens,70,22,Bowler_Pace,Standard
Vitel Lawes,72,24,Batter,Anchor
Micah McKenzie,68,20,Bowler_Spin_Leg,Standard
Matthew Miller,66,25,Batter,Standard
Isra-el Morton,71,22,Batter_WK,Anchor
Jakeem Pollard,69,30,Batter,Aggressor
Aadian Racha,64,22,Batter,Standard
Kunal Tilokani,65,20,Bowler_Spin_Off,Standard
Jonathan Van Lange,70,18,Batter_WK,Anchor
Shai Hope,85,15,Batter_WK,Anchor
Brandon King,81,28,Batter,Aggressor
Keacy Carty,83,20,Batter,Anchor
Alick Athanaze,81,42,Batter,Anchor
Mikyle Louis,79,35,Batter,Anchor
Amir Jangoo,77,25,Batter_WK,Aggressor
Tevin Imlach,78,18,Batter_WK,Anchor
Ackeem Auguste,75,58,Batter,Anchor
Kirk McKenzie,80,15,Batter,Aggressor
Kevlon Anderson,78,55,Batter,Anchor
John Campbell,79,18,Batter,Aggressor
Kraigg Brathwaite,84,30,Batter,Anchor
Tagenarine Chanderpaul,82,22,Batter,Anchor
Roston Chase,80,78,All-Rounder_Spin_Off,Anchor
Justin Greaves,77,74,All-Rounder_Pace,Standard
Matthew Forde,70,79,All-Rounder_Pace,Aggressor
Jason Holder,73,84,All-Rounder_Pace,Standard
Romario Shepherd,78,82,All-Rounder_Pace,Finisher
Kevin Sinclair,65,76,All-Rounder_Spin_Off,Standard
Gudakesh Motie,52,81,Bowler_Spin_Orthodox,Standard
Shamar Springer,72,75,All-Rounder_Pace,Standard
Joshua Bishop,60,78,Bowler_Spin_Orthodox,Standard
Keemo Paul,67,80,All-Rounder_Pace,Aggressor
Alzarri Joseph,25,85,Bowler_Pace,Aggressor
Shamar Joseph,20,80,Bowler_Pace,Aggressor
Jayden Seales,18,82,Bowler_Pace,Aggressor
Kemar Roach,22,84,Bowler_Pace,Anchor
Johann Layne,15,75,Bowler_Pace,Standard
Anderson Phillip,20,76,Bowler_Pace,Standard
Nial Smith,18,78,Bowler_Pace,Standard
Oshane Thomas,15,83,Bowler_Pace,Aggressor
Jediah Blades,14,79,Bowler_Pace,Standard
Jomel Warrican,35,81,Bowler_Spin_Orthodox,Standard
Akeal Hosein,40,84,Bowler_Spin_Orthodox,Standard
Karima Gore,28,77,Bowler_Spin_Orthodox,Standard
Veerasammy Permaul,30,80,Bowler_Spin_Orthodox,Standard
George Scrimshaw,22,80,Bowler_Pace,Standard
Tom Hartley,42,81,Bowler_Spin_Orthodox,Standard
Matthew Fisher,18,82,Bowler_Pace,Standard
Rory Burns,80,15,Batter,Anchor
Dom Sibley,82,12,Batter,Anchor
Ollie Robinson,76,20,Batter_WK,Anchor
Dom Bess,55,78,Bowler_Spin_Off,Standard
Tom Abell,77,42,Batter,Anchor
Craig Overton,48,82,All-Rounder_Pace,Standard
Jake Ball,15,79,Bowler_Pace,Standard
Tom Kohler-Cadmore,81,12,Batter_WK,Aggressor
H Hameed,78,10,Batter,Anchor
John Simpson,79,15,Batter_WK,Anchor
Joe Denly,76,62,All-Rounder_Spin_Leg,Standard
Nayeem Hasan,25,80,Bowler_Spin_Off,Standard
Mahmudul Hasan Joy,77,12,Batter,Anchor
Shadman Islam,79,10,Batter,Anchor
Taijul Islam,30,82,Bowler_Spin_Orthodox,Standard
Khaled Ahmed,15,80,Bowler_Pace,Standard
Sam Whiteman,76,10,Batter_WK,Anchor
Jake Weatherald,82,12,Batter,Aggressor
Nathan McSweeney,80,28,Batter,Anchor
Brendan Doggett,18,82,Bowler_Pace,Standard
Joel Davies,70,68,All-Rounder_Spin_Orthodox,Standard
Billy Stanlake,15,80,Bowler_Pace,Aggressor
Peter Siddle,20,81,Bowler_Pace,Anchor
Henry Thornton,28,76,Bowler_Pace,Aggressor
Max Bryant,80,30,Batter,Aggressor
Josh Brown,76,20,Batter,Aggressor
Jimmy Peirson,79,12,Batter_WK,Anchor
Nikhil Chaudhary,74,72,All-Rounder_Spin_Leg,Finisher
Jason Sangha,77,35,Batter,Anchor
Matthew Gilkes,78,31,Batter_WK,Aggressor
Alex Ross,76,20,Batter,Finisher
Ben Cutting,78,77,All-Rounder_Pace,Finisher
Jack Wildermuth,70,76,All-Rounder_Pace,Standard
Will Sutherland,65,79,All-Rounder_Pace,Standard
Ollie Peake,74,18,Batter,Anchor
Jackson Bird,18,82,Bowler_Pace,Anchor
Fergus O'Neill,15,80,Bowler_Pace,Anchor
Jordan Silk,81,10,Batter,Anchor
Caleb Jewell,79,12,Batter,Aggressor
Kurtis Patterson,75,10,Batter,Anchor
Nathan McAndrew,45,76,Bowler_Pace,Standard
Katene Clarke,76,10,Batter,Aggressor
Tom Blundell,81,22,Batter_WK,Anchor
Bevon Jacobs,78,38,Batter,Aggressor
Brett Hampton,68,76,All-Rounder_Pace,Finisher
Dean Foxcroft,79,72,All-Rounder_Spin_Off,Anchor
Dale Phillips,74,65,Batter,Standard
Max Chu,75,10,Batter_WK,Anchor
Jesse Tashkoff,72,15,Batter,Anchor
Jack Boyle,77,10,Batter,Anchor
Tom Bruce,82,35,Batter,Aggressor
Chad Bowes,80,12,Batter,Aggressor
Matthew Boyle,76,10,Batter,Anchor
Muhammad Abbas,74,68,All-Rounder_Spin_Off,Standard
Nikin Jose,77,20,Batter,Anchor
Andre Fletcher,80,15,Batter_WK,Aggressor
David Wiese,72,80,All-Rounder_Pace,Finisher
Zakary Foulkes,58,76,All-Rounder_Pace,Standard
Macniel Noronha,68,35,Batter,Anchor
Aman Khan,74,68,All-Rounder_Pace,Aggressor
Prayas Ray Barman,30,74,Bowler_Spin_Leg,Standard
Tanay Thyagarajan,35,76,Bowler_Spin_Off,Standard
R Sai Kishore,34,79,Bowler_Spin_Off,Standard
Mohit Jangra,22,73,Bowler_Pace,Standard
KC Cariappa,25,75,Bowler_Spin_Unorthodox,Standard
Kumar Kartikeya,32,77,Bowler_Spin_Off,Standard
S Ajith Ram,34,75,Bowler_Spin_Off,Standard
Hitesh Walunj,28,74,Bowler_Spin_Off,Standard
Dharmendrasingh Jadeja,45,78,Bowler_Spin_Off,Standard
Gaurav Yadav,30,77,Bowler_Pace,Standard
Bhargav Bisht,24,71,Bowler_Spin_Off,Standard
Aditya Sarwate,65,81,Bowler_Spin_Off,Standard
Vijaykumar Vyshak,28,78,Bowler_Pace,Standard
Deepak Dhapola,20,76,Bowler_Pace,Standard
Aditya Thakare,22,75,Bowler_Pace,Standard
Scott Kuggeleijn,42,82,Bowler_Pace,Standard
Harjot Johal,68,20,Batter,Aggressor
Ben Sears,25,81,Bowler_Pace,Aggressor
Cole McConchie,74,73,All-Rounder_Spin_Off,Anchor
Angus Oliver,25,68,Bowler_Spin_Off,Standard
Ben Lister,22,78,Bowler_Pace,Standard
Ajaz Patel,20,83,Bowler_Spin_Off,Standard
Tim Pringle,42,78,Bowler_Spin_Off,Anchor
Franser Sheat,25,74,Bowler_Pace,Standard
Brett Hampton,72,70,All-Rounder_Pace,Finisher
Brett Randell,25,76,Bowler_Pace,Standard
Gouher Sultana,30,76,Bowler_Spin_Off,Standard
Siddesh Dixit,25,72,Bowler_Spin_Leg,Standard
Kwame Patton,72,18,Batter,Aggressor
Mussadiq Ahmed,74,20,Batter,Anchor
Ben Kohler-Cadmore,79,15,Batter_WK,Aggressor
Lance Morris,18,81,Bowler_Pace,Aggressor
Corey Rocchiccioli,32,81,Bowler_Spin_Off,Anchor
Daniel Hughes,81,12,Batter,Anchor
Jack Edwards,74,72,All-Rounder_Pace,Standard
Hayden Kerr,68,78,All-Rounder_Pace,Standard
Jafer Chohan,28,72,Bowler_Spin_Leg,Standard
Mitch Perry,22,77,Bowler_Pace,Standard
Moises Henriques,77,72,All-Rounder_Pace,Anchor
Cam Bancroft,81,10,Batter_WK,Anchor
Nic Maddinson,80,30,Batter,Aggressor
Daniel Sams,65,82,All-Rounder_Pace,Finisher
Chris Green,42,82,All-Rounder_Spin_Off,Standard
Reece Topley,20,84,Bowler_Pace,Standard
Tom Andrews,45,80,Bowler_Spin_Orthodox,Standard
Mackenzie Harvey,78,12,Batter,Aggressor
Thomas Kelly,76,15,Batter,Anchor
Chris Lynn,83,10,Batter,Aggressor
Harry Nielsen,77,12,Batter_WK,Anchor
Cameron Boyce,38,80,Bowler_Spin_Leg,Standard
Luke Wood,28,78,Bowler_Pace,Standard
Tom Alsop,78,12,Batter_WK,Anchor
Colin Munro,80,20,Batter,Aggressor
Hugh Weibgen,75,18,Batter,Anchor
Michael Neser,58,82,All-Rounder_Pace,Standard
Patrick Dooley,25,80,Bowler_Spin_Unorthodox,Standard
Zaman Khan,18,79,Bowler_Pace,Standard
Liam Haskett,20,81,Bowler_Pace,Standard
Thomas Balkin,22,79,Bowler_Pace,Standard
Matthew Wade,82,22,Batter_WK,Aggressor
Mac Wright,77,18,Batter,Aggressor
Will Prestwidge,32,79,Bowler_Pace,Standard
Tom Rogers,24,79,Bowler_Pace,Standard
Gurinder Sandhu,26,78,Bowler_Pace,Standard
Callum Stow,72,20,Batter,Anchor
Hilton Cartwright,78,58,All-Rounder_Pace,Anchor
Sam Harper,77,12,Batter_WK,Aggressor
Thomas Rogers,24,79,Bowler_Pace,Standard
Campbell Kellaway,76,15,Batter,Anchor
Jon Merlo,74,68,All-Rounder_Pace,Standard
Mark Steketee,20,80,Bowler_Pace,Standard
Liam Hatcher,18,76,Bowler_Pace,Standard
Laurie Evans,78,10,Batter,Aggressor
Nick Hobson,78,12,Batter,Aggressor
Nick Kelly,79,15,Batter,Anchor
Joel Paris,24,78,Bowler_Pace,Standard
Lhuan-dré Pretorius,80,12,Batter_WK,Aggressor
Kwena Maphaka,18,80,Bowler_Pace,Aggressor
Steve Stolk,78,15,Batter,Aggressor
Andile Simelane,68,78,All-Rounder_Pace,Standard
Matthew Boast,22,75,Bowler_Pace,Standard
Tristan Luus,25,75,Bowler_Pace,Standard
Eathan Bosch,55,79,All-Rounder_Pace,Standard
Mihlali Mpongwana,62,76,All-Rounder_Pace,Standard
Nqaba Peter,30,77,Bowler_Spin_Leg,Aggressor
Caleb Seleka,28,77,Bowler_Spin_Leg,Standard
Connor Esterhuizen,76,12,Batter_WK,Aggressor
Connor Bosch,70,72,All-Rounder_Pace,Standard
Sibonelo Makhanya,74,18,Batter,Anchor
Senuran Muthusamy,58,80,All-Rounder_Spin_Orthodox,Anchor
Lesego Senokwane,77,12,Batter,Anchor
Marques Ackerman,75,18,Batter,Anchor
Jason Smith,72,70,All-Rounder_Pace,Standard
Rivaldo Moonsamy,75,12,Batter_WK,Anchor
Delano Potgieter,70,78,All-Rounder_Pace,Finisher
Okuhle Cele,22,77,Bowler_Pace,Standard
Codi Yusuf,20,80,Bowler_Pace,Standard
Tshepo Moreki,18,79,Bowler_Pace,Standard
Bryce Parsons,72,76,All-Rounder_Spin_Orthodox,Anchor
Siya Plaatjie,20,76,Bowler_Pace,Standard
Haseebullah Khan,74,10,Batter_WK,Anchor
Hasan Nawaz,79,12,Batter,Aggressor
Sameer Minhas,68,74,All-Rounder_Spin_Off,Standard
Farhan Yousaf,74,18,Batter,Anchor
Abdullah Fazal,76,12,Batter,Aggressor
Maaz Sadaqat,72,70,All-Rounder_Spin_Orthodox,Anchor
Shamyl Hussain,75,15,Batter,Aggressor
Saad Baig,78,12,Batter_WK,Aggressor
Shahzaib Khan,76,10,Batter,Aggressor
Azan Awais,77,12,Batter,Anchor
Ubaid Shah,20,78,Bowler_Pace,Aggressor
Hunain Shah,22,80,Bowler_Pace,Standard
Mohammad Zeeshan,28,79,Bowler_Pace,Aggressor
Faisal Akram,30,77,Bowler_Spin_Unorthodox,Standard
Mubasir Khan,72,76,All-Rounder_Spin_Off,Standard
Qasim Akram,70,79,All-Rounder_Spin_Off,Standard
Omair Bin Yousuf,77,12,Batter,Anchor
Mehran Mumtaz,42,76,Bowler_Spin_Orthodox,Standard
Ahmed Daniyal,22,77,Bowler_Pace,Standard
Akif Javed,24,76,Bowler_Pace,Standard
Abbas Afridi,40,79,Bowler_Pace,Aggressor
Salman Mirza,20,78,Bowler_Pace,Standard
Monank Patel,79,10,Batter_WK,Anchor
Sanjay Krishnamurthi,77,62,All-Rounder_Spin_Orthodox,Aggressor
Hassan Khan,65,79,All-Rounder_Spin_Orthodox,Standard
Harmeet Singh,58,78,All-Rounder_Spin_Orthodox,Standard
Saurabh Netravalkar,22,82,Bowler_Pace,Anchor
Yasir Mohammad,74,18,Bowler_Spin_Leg,Standard
Milind Kumar,80,68,All-Rounder_Spin_Off,Anchor
Ali Sheikh,62,78,All-Rounder_Spin_Orthodox,Standard
Jasdeep Singh,45,80,Bowler_Pace,Standard
Nisarg Patel,60,79,All-Rounder_Spin_Orthodox,Standard
Aaron Jones,80,20,Batter,Aggressor
Saiteja Mukkamalla,79,15,Batter,Anchor
Shayan Jahangir,77,12,Batter_WK,Aggressor
Nosthush Kenjige,48,79,Bowler_Spin_Orthodox,Standard
Brody Couch,22,82,Bowler_Pace,Aggressor
Cameron Gannon,24,78,Bowler_Pace,Standard
Juanoy Drysdale,58,78,Bowler_Pace,Aggressor
Phani Simhadri,65,77,Bowler_Pace,Aggressor
Tajinder Singh,76,72,All-Rounder_Spin_Off,Aggressor
Chaitanya Bishnoi,74,70,All-Rounder_Spin_Orthodox,Anchor
Smit Patel,76,20,Batter_WK,Anchor
Unmukt Chand,79,12,Batter,Aggressor
Jaskaran Malhotra,76,10,Batter_WK,Aggressor
Nauman Anwar,78,12,Batter,Aggressor
Angelo Perera,81,42,Batter,Anchor
Shehan Jayasuriya,74,72,All-Rounder_Spin_Off,Anchor
Shubham Ranjane,76,70,All-Rounder_Pace,Standard
Agni Chopra,73,10,Batter,Anchor
Xavier Marshall,74,15,Batter,Aggressor
Ayan Desai,24,76,Bowler_Pace,Standard
Muhammad Waseem,82,18,Batter,Aggressor
Aayan Afzal Khan,68,79,All-Rounder_Spin_Orthodox,Anchor
Ali Naseer,72,76,All-Rounder_Pace,Aggressor
Vriitya Aravind,77,10,Batter_WK,Anchor
Muhammad Jawadullah,18,78,Bowler_Pace,Aggressor
Sanchit Sharma,65,74,Bowler_Pace,Standard
Raja Akifullah Khan,24,76,Bowler_Pace,Standard
Zahoor Khan,22,80,Bowler_Pace,Standard
Junaid Siddique,20,79,Bowler_Pace,Aggressor
Matiullah Khan,18,76,Bowler_Pace,Standard
Asif Khan,78,15,Batter,Aggressor
Basil Hameed,76,74,All-Rounder_Spin_Off,Anchor
Aryansh Sharma,77,12,Batter_WK,Aggressor
Alishan Sharafu,75,18,Batter,Anchor
Ethan D'Souza,78,20,Batter,Aggressor
Lovepreet Singh,72,70,All-Rounder_Pace,Standard
Dhruv Parashar,68,78,All-Rounder_Spin_Off,Standard
Haider Ali,76,15,Batter,Aggressor
Rahul Chopra,79,12,Batter_WK,Anchor
Simranjeet Kang,22,76,Bowler_Spin_Orthodox,Standard
Nilansh Keswani,62,77,All-Rounder_Spin_Orthodox,Standard
Akif Raja,28,78,Bowler_Pace,Standard
Sabir Ali,74,18,Bowler_Pace,Standard
Zuhaib Zubair,30,79,Bowler_Spin_Leg,Standard
Meet Bhavsar,75,12,Batter_WK,Aggressor
Mohammad Rohid Khan,20,78,Bowler_Pace,Aggressor
Sagar Kalyan,77,15,Batter,Aggressor
Syed Haider Shah,76,12,Batter_WK,Aggressor
Farhan Khan,68,76,Bowler_Spin_Off,Standard
Shahrukh Amin,74,20,Batter,Anchor
Sagar Virk,74,22,Batter,Anchor
Lakshya Raichandani,48,80,Bowler_Spin_Leg,Standard
Yashbardhan Singh Chauhan,76,35,Batter,Anchor
Vineeth V K,73,24,Batter,Standard
Arjun Rajput,72,28,Batter,Aggressor
Kushagra Ojha,71,25,Batter,Anchor
Rajat Baghel,74,26,Batter_WK,Anchor
Anvay Dravid,76,25,Batter_WK,Anchor
Anmoljeet Singh,70,67,Bowler_Spin_Off,Standard
Vutkuri Yashveer Goud,75,22,Batter,Aggressor
Rohit Anil Yadav,44,78,Bowler_Pace,Standard
Shavin V,72,24,Batter,Standard
Kavya Paresh Patel,68,71,All-Rounder_Spin_Orthodox,Anchor
Mohit Ulva,69,72,Bowler_Pace,Standard
Ishan Sood,73,20,Batter,Standard
Patel Kush,40,77,Bowler_Pace,Aggressor
Manal Chauhan,70,68,All-Rounder_Spin_Off,Standard
Manav Krishna,72,18,Batter_WK,Standard
Aryan Sandesh Sakpal,71,27,Batter_WK,Anchor
Hemchudeshan J,42,76,Bowler_Pace,Standard
BK Kishore,67,69,Bowler_Pace,Finisher
Priyanshu Singh,73,21,Batter,Aggressor
Pranav Raghvendra,70,66,All-Rounder_Spin_Off,Standard
Chigurupati Venkata,69,73,Bowler_Pace,Standard
Ali Raza,22,80,Bowler_Pace,Aggressor
Momin Qamar,74,25,Batter,Anchor
Harvansh Singh,75,28,Batter_WK,Aggressor
Henil Patel,68,74,All-Rounder_Spin_Off,Standard
Kanishk Chouhan,72,20,Batter,Standard
Mohamed Enaan,70,72,All-Rounder_Spin_Leg,Standard
RS Ambrish,67,75,Bowler_Pace,Standard
Vedant Trivedi,41,77,Bowler_Spin_Leg,Anchor
James Minto,74,69,Bowler_Pace,Finisher
Jor Moores,73,23,Batter_WK,Aggressor
Aryan Sharma,72,24,Batter,Standard
Shahzaib Khan,80,22,Batter,Aggressor
Saad Baig,78,30,Batter_WK,Anchor
Ubaid Shah,25,81,Bowler_Pace,Aggressor
Mahboob Khan,73,26,Batter,Standard
Jamshid Zadran,69,75,Batter,Standard
Joe Burns,82,30,Batter,Anchor
Nicholas Maiolo,71,73,All-Rounder_Spin_Off,Standard
Gareth Berg,68,76,All-Rounder_Pace,Finisher
Rakibul Hasan,38,76,Bowler_Spin_Orthodox,Anchor
Bilal Muhammad,62,75,All-Rounder_Pace,Standard
Damith Kosala,48,73,All-Rounder_Spin_Orthodox,Aggressor
Ishan Ranepura,66,71,All-Rounder_Spin_Orthodox,Anchor
Pidusha Fernando,64,74,All-Rounder_Pace,Finisher
Samaru Jayawardena,68,23,Batter_WK,Aggressor
Muhammad Arslan,70,65,All-Rounder_Pace,Standard
Angelo Andradege,72,62,All-Rounder_Pace,Standard
Faizan Hussain,60,71,All-Rounder_Pace,Standard
Isra Munshi,63,69,All-Rounder_Pace,Anchor
Raheem Qureshi,25,77,Bowler_Pace,Aggressor
Asad Tanveer,73,18,Batter,Aggressor
Achintha Naththandige,67,68,All-Rounder_Pace,Standard
Stefano di Bartolomeo,22,78,Bowler_Pace,Aggressor
Farhaan Behardien,83,42,Batter,Finisher
Ben Calitz,74,20,Batter_WK,Anchor
Stephen Doheny,76,12,Batter_WK,Anchor
Gavin Hoey,66,78,Bowler_Spin_Leg,Standard
Matthew Hollard,72,18,Batter,Anchor
Liam McCarthy,22,80,Bowler_Pace,Standard
Jai Moondra,75,15,Batter,Aggressor
Reuben Wilson,73,20,Batter,Anchor
Afif Hossain,77,76,All-Rounder_Spin_Off,Aggressor
Hasan Nawaz,78,12,Batter,Aggressor
Mossaddek Hossain,79,72,All-Rounder_Spin_Off,Anchor
Mahmudullah,83,76,All-Rounder_Spin_Off,Finisher
Rohit Paudel,82,58,Batter,Anchor
Dipendra Singh Airee,84,74,All-Rounder_Spin_Off,Finisher
Sandeep Lamichhane,28,81,Bowler_Spin_Leg,Aggressor
Kushal Bhurtel,81,35,Batter,Aggressor
Aasif Sheikh,80,12,Batter_WK,Anchor
Sundeep Jora,78,20,Batter,Aggressor
Aarif Sheikh,79,62,All-Rounder_Pace,Anchor
Basir Ahamad,74,68,All-Rounder_Spin_Orthodox,Standard
Sompal Kami,55,82,All-Rounder_Pace,Standard
Karan KC,58,80,All-Rounder_Pace,Finisher
Nandan Yadav,42,80,Bowler_Pace,Standard
Gulshan Jha,68,79,All-Rounder_Pace,Aggressor
Lalit Rajbanshi,22,80,Bowler_Spin_Orthodox,Anchor
Sher Malla,73,18,Bowler_Spin_Off,Standard
Lokesh Bam,76,15,Batter_WK,Aggressor
Abinash Bohara,18,81,Bowler_Pace,Standard
Binod Bhandari,77,10,Batter_WK,Anchor
Pratish GC,28,78,All-Rounder_Pace,Standard
Bhim Sharki,78,15,Batter,Anchor
Kamal Singh Airee,35,79,Bowler_Pace,Standard
Anil Sah,79,12,Batter_WK,Aggressor
Dev Khanal,77,15,Batter,Anchor
Sagar Dhakal,24,76,Bowler_Spin_Orthodox,Standard
Arjun Saud,75,12,Batter_WK,Anchor
Rijan Dhakal,20,77,Bowler_Pace,Standard
Surya Tamang,26,79,Bowler_Spin_Orthodox,Standard
Pawan Sarraf,72,74,All-Rounder_Spin_Off,Anchor
Kushal Malla,80,72,All-Rounder_Spin_Orthodox,Aggressor
Aakash Chand,22,77,Bowler_Pace,Standard
Hemant Dhami,18,78,Bowler_Pace,Standard
Rasid Khan,70,76,All-Rounder_Pace,Standard
Bibek Yadav,68,78,All-Rounder_Pace,Standard
Jayan Shrestha,74,18,Batter,Anchor